{
	"info": {
		"_postman_id": "d45a6be6-2baa-4189-9a3c-512d31b5441d",
		"name": "DevsuProyect",
		"schema": "https://schema.getpostman.com/json/collection/v2.1.0/collection.json",
		"_exporter_id": "18092691"
	},
	"item": [
		{
			"name": "Cliente",
			"item": [
				{
					"name": "Get Cliente",
					"request": {
						"method": "GET",
						"header": []
					},
					"response": []
				},
				{
					"name": "Post Cliente",
					"request": {
						"method": "POST",
						"header": [],
						"body": {
							"mode": "raw",
							"raw": "{\r\n    \r\n    \"contrasenia\": \"1234\",\r\n    \"estado\": true,\r\n    \"direccion\": \"Otavalo sn y principal\",\r\n    \"edad\": 30,\r\n    \"identificacion\": 40234059,\r\n    \"genero\": \"Masculino\",\r\n    \"nombre\": \"Jose Lema\",\r\n    \"telefono\": 98254785\r\n\r\n}",
							"options": {
								"raw": {
									"language": "json"
								}
							}
						},
						"url": {
							"raw": "http://localhost:8080/clientes",
							"protocol": "http",
							"host": [
								"localhost"
							],
							"port": "8080",
							"path": [
								"clientes"
							]
						}
					},
					"response": []
				},
				{
					"name": "Delete Cliente",
					"request": {
						"method": "DELETE",
						"header": [],
						"url": {
							"raw": "http://localhost:8080/clientes/1",
							"protocol": "http",
							"host": [
								"localhost"
							],
							"port": "8080",
							"path": [
								"clientes",
								"1"
							]
						}
					},
					"response": []
				},
				{
					"name": "Put Cliente",
					"request": {
						"method": "PUT",
						"header": [],
						"body": {
							"mode": "raw",
							"raw": "{\r\n    \"nombre\": \"Jose Lema\",\r\n    \"genero\": \"Masculino\",\r\n    \"edad\": 33,\r\n    \"identificacion\": 40234059,\r\n    \"direccion\": \"Otavalo sn y principal\",\r\n    \"telefono\": 98254785,\r\n    \"clienteId\": 1,\r\n    \"contrasenia\": \"1234\",\r\n    \"estado\": true\r\n}",
							"options": {
								"raw": {
									"language": "json"
								}
							}
						},
						"url": {
							"raw": "http://localhost:8080/clientes",
							"protocol": "http",
							"host": [
								"localhost"
							],
							"port": "8080",
							"path": [
								"clientes"
							]
						}
					},
					"response": []
				}
			]
		},
		{
			"name": "Cuenta",
			"item": [
				{
					"name": "Post Cuenta",
					"request": {
						"method": "POST",
						"header": [],
						"body": {
							"mode": "raw",
							"raw": "{\r\n    \"numeroCuenta\": 203894,\r\n    \"tipoCuenta\": \"Corriente\",\r\n    \"saldoInicial\": 600,\r\n    \"estado\": true,\r\n    \"cliente\":{\r\n        \"clienteId\":3\r\n    }\r\n}",
							"options": {
								"raw": {
									"language": "json"
								}
							}
						},
						"url": {
							"raw": "http://localhost:8080/cuentas",
							"protocol": "http",
							"host": [
								"localhost"
							],
							"port": "8080",
							"path": [
								"cuentas"
							]
						}
					},
					"response": []
				},
				{
					"name": "Get Cuenta",
					"request": {
						"method": "GET",
						"header": []
					},
					"response": []
				},
				{
					"name": "Put Cuenta",
					"request": {
						"method": "PUT",
						"header": [],
						"body": {
							"mode": "raw",
							"raw": "{\r\n    \"cuentaId\": 2,\r\n    \"numeroCuenta\": 203894,\r\n    \"tipoCuenta\": \"Corriente\",\r\n    \"saldoInicial\": 3000,\r\n    \"estado\": true,\r\n    \"cliente\": {\r\n        \"clienteId\": 3\r\n\r\n    }\r\n}",
							"options": {
								"raw": {
									"language": "json"
								}
							}
						},
						"url": {
							"raw": "http://localhost:8080/cuentas",
							"protocol": "http",
							"host": [
								"localhost"
							],
							"port": "8080",
							"path": [
								"cuentas"
							]
						}
					},
					"response": []
				},
				{
					"name": "Delete Cuenta",
					"request": {
						"method": "DELETE",
						"header": [],
						"url": {
							"raw": "http://localhost:8080/cuentas/2",
							"protocol": "http",
							"host": [
								"localhost"
							],
							"port": "8080",
							"path": [
								"cuentas",
								"2"
							]
						}
					},
					"response": []
				}
			]
		},
		{
			"name": "Movimientos",
			"item": [
				{
					"name": "Post Movimiento",
					"request": {
						"method": "POST",
						"header": [],
						"body": {
							"mode": "raw",
							"raw": "{\r\n    \"tipoMovimiento\": \"Deposito\",\r\n    \"saldoDisponible\": 500,\r\n    \"valor\": 400\r\n}",
							"options": {
								"raw": {
									"language": "json"
								}
							}
						},
						"url": {
							"raw": "http://localhost:8080/movimientos",
							"protocol": "http",
							"host": [
								"localhost"
							],
							"port": "8080",
							"path": [
								"movimientos"
							]
						}
					},
					"response": []
				},
				{
					"name": "Get  Movimiento",
					"request": {
						"method": "GET",
						"header": [],
						"url": {
							"raw": "http://localhost:8080/movimientos/1",
							"protocol": "http",
							"host": [
								"localhost"
							],
							"port": "8080",
							"path": [
								"movimientos",
								"1"
							]
						}
					},
					"response": []
				},
				{
					"name": "Delete Movimiento",
					"request": {
						"method": "DELETE",
						"header": [],
						"url": {
							"raw": "http://localhost:8080/movimientos/1",
							"protocol": "http",
							"host": [
								"localhost"
							],
							"port": "8080",
							"path": [
								"movimientos",
								"1"
							]
						}
					},
					"response": []
				}
			]
		},
		{
			"name": "Reporte",
			"item": [
				{
					"name": "Get Reporte",
					"request": {
						"method": "GET",
						"header": []
					},
					"response": []
				}
			]
		}
	]
}